{
    "$schema": "https://schema.management.azure.com/schemas/2019-04-01/deploymentParameters.json#",
    "contentVersion": "1.0.0.0",
    "parameters":  {
        "resourceGroupObject": {
            "value": { 
                "resourceGroups": [
                    {
                        "location": "australiaeast",
                        "workspaceLocation": "australiaeast",
                        "component": "rsv",
                        "service": "connectivity",
                        "serviceAbbrv": "hub",
                        "appName": "connectivity",
                        "StorageAccountInstance": 3,
                        "instance": 1
                    },
                    {
                        "location": "australiasoutheast",
                        "workspaceLocation": "australiaeast",
                        "component": "rsv",
                        "service": "connectivity",
                        "serviceAbbrv": "hub",
                        "appName": "connectivity",
                        "StorageAccountInstance": 3,
                        "instance": 1
                    }
                ]
            }
        }
    }
}

