{
    "$schema": "https://schema.management.azure.com/schemas/2019-04-01/deploymentParameters.json#",
    "contentVersion": "1.0.0.0",
    "parameters":  {
        "udrObject": {
            "value": { 
                "routeValues": [
                    {
                      "location": "australiaeast",
                      "serviceAbbrv": "sec",
                      "component": "netw",
                      "instance": 1,
                      "routeTable": "rt-np-edc-security-001",
                      "routeRules": [
                        {
                          "name": "udr-DefaultRouteToFirewall",
                          "properties": {
                            "addressPrefix": "0.0.0.0/0",
                            "nextHopType": "VirtualAppliance",
                            "nextHopIpAddress": "10.40.1.68"
                          }
                        }
                      ]
                    },
                    {
                      "location": "australiaeast",
                      "serviceAbbrv": "sec",
                      "component": "netw",
                      "instance": 1,
                      "routeTable": "rt-np-edc-security-002",
                      "routeRules": [
                        {
                          "name": "udr-DefaultRouteToFirewall",
                          "properties": {
                            "addressPrefix": "0.0.0.0/0",
                            "nextHopType": "VirtualAppliance",
                            "nextHopIpAddress": "10.40.1.68"
                          }
                        }
                      ]
                    },
                    {
                      "location": "australiasoutheast",
                      "serviceAbbrv": "sec",
                      "component": "netw",
                      "instance": 1,
                      "routeTable": "rt-np-sdc-security-001",
                      "routeRules": [
                        {
                          "name": "udr-DefaultRouteToFirewall",
                          "properties": {
                            "addressPrefix": "0.0.0.0/0",
                            "nextHopType": "VirtualAppliance",
                            "nextHopIpAddress": "10.60.1.68"
                          }
                        }
                      ]
                    },
                    {
                      "location": "australiasoutheast",
                      "serviceAbbrv": "sec",
                      "component": "netw",
                      "instance": 1,
                      "routeTable": "rt-np-sdc-security-002",
                      "routeRules": [
                        {
                          "name": "udr-DefaultRouteToFirewall",
                          "properties": {
                            "addressPrefix": "0.0.0.0/0",
                            "nextHopType": "VirtualAppliance",
                            "nextHopIpAddress": "10.60.1.68"
                          }
                        }
                      ]
                    }
                ]
            }
        }
    }
}