{
    "$schema": "https://schema.management.azure.com/schemas/2019-04-01/deploymentParameters.json#",
    "contentVersion": "1.0.0.0",
    "parameters": {
        "nsgObject": {
            "value": {
                "nsgValues": [
                    {
                        "location": "australiaeast",
                        "serviceAbbrv": "fwp",
                        "component": "netw",
                        "instance": 1,
                        "nsgName": "nsg-prd-edc-fwp-001",
                        "securityRules": [
                            {
                                "name": "Allow-RDP-SSH-From-sub-prd-mgmt-002-To-sub-prd-edc-fwp-001",
                                "properties": {
                                    "description": "Allow RDP and SSH From EDC or SDC mgmt-002 subnet To sub-prd-edc-fwp-001",
                                    "protocol": "Tcp",
                                    "sourcePortRange": "*",
                                    "destinationPortRange": "",
                                    "sourceAddressPrefix": "",
                                    "destinationAddressPrefix": "VirtualNetwork",
                                    "access": "Allow",
                                    "priority": 200,
                                    "direction": "Inbound",
                                    "sourcePortRanges": [],
                                    "destinationPortRanges": [
                                        "22",
                                        "3389"
                                    ],
                                    "sourceAddressPrefixes": [
                                        "10.20.0.192/26",
                                        "10.30.0.192/26"
                                    ],
                                    "destinationAddressPrefixes": []
                                }
                            },
                            {
                                "name": "Allow-HTTPS-From-sub-prd-edc-operations-002-To-sub-prd-edc-fwp-001",
                                "properties": {
                                    "description": "Allow HTTPS (from Azure Devops Agents) From EDC operations-002 subnet To sub-prd-edc-fwp-001",
                                    "protocol": "Tcp",
                                    "sourcePortRange": "*",
                                    "destinationPortRange": "443",
                                    "sourceAddressPrefix": "10.20.130.0/23",
                                    "destinationAddressPrefix": "VirtualNetwork",
                                    "access": "Allow",
                                    "priority": 300,
                                    "direction": "Inbound",
                                    "sourcePortRanges": [],
                                    "destinationPortRanges": [],
                                    "sourceAddressPrefixes": [],
                                    "destinationAddressPrefixes": []
                                }
                            },
                            {
                                "name": "DenyAllInboundCommunication",
                                "properties": {
                                    "description": "Deny All Inbound Communication",
                                    "protocol": "*",
                                    "sourcePortRange": "*",
                                    "destinationPortRange": "*",
                                    "sourceAddressPrefix": "*",
                                    "destinationAddressPrefix": "*",
                                    "access": "Deny",
                                    "priority": 4096,
                                    "direction": "Inbound",
                                    "sourcePortRanges": [],
                                    "destinationPortRanges": [],
                                    "sourceAddressPrefixes": [],
                                    "destinationAddressPrefixes": []
                                }
                            }
                        ]
                    },
                    {
                        "location": "australiaeast",
                        "serviceAbbrv": "fwp",
                        "component": "netw",
                        "instance": 1,
                        "nsgName": "nsg-prd-edc-fwp-002",
                        "securityRules": [
                            {
                                "name": "Allow-RDP-SSH-From-sub-prd-mgmt-002-To-sub-prd-edc-fwp-002",
                                "properties": {
                                    "description": "Allow RDP and SSH From EDC or SDC mgmt-002 subnet To sub-prd-edc-fwp-002",
                                    "protocol": "Tcp",
                                    "sourcePortRange": "*",
                                    "destinationPortRange": "",
                                    "sourceAddressPrefix": "",
                                    "destinationAddressPrefix": "VirtualNetwork",
                                    "access": "Allow",
                                    "priority": 200,
                                    "direction": "Inbound",
                                    "sourcePortRanges": [],
                                    "destinationPortRanges": [
                                        "22",
                                        "3389"
                                    ],
                                    "sourceAddressPrefixes": [
                                        "10.20.0.192/26",
                                        "10.30.0.192/26"
                                    ],
                                    "destinationAddressPrefixes": []
                                }
                            },
                            {
                                "name": "DenyAllInboundCommunication",
                                "properties": {
                                    "description": "Deny All Inbound Communication",
                                    "protocol": "*",
                                    "sourcePortRange": "*",
                                    "destinationPortRange": "*",
                                    "sourceAddressPrefix": "*",
                                    "destinationAddressPrefix": "*",
                                    "access": "Deny",
                                    "priority": 4096,
                                    "direction": "Inbound",
                                    "sourcePortRanges": [],
                                    "destinationPortRanges": [],
                                    "sourceAddressPrefixes": [],
                                    "destinationAddressPrefixes": []
                                }
                            }
                        ]
                    },
                    {
                        "location": "australiasoutheast",
                        "serviceAbbrv": "fwp",
                        "component": "netw",
                        "instance": 1,
                        "nsgName": "nsg-prd-sdc-fwp-001",
                        "securityRules": [
                            {
                                "name": "Allow-RDP-SSH-From-sub-prd-mgmt-002-To-sub-prd-sdc-fwp-001",
                                "properties": {
                                    "description": "Allow RDP and SSH From EDC or SDC mgmt-002 subnet To sub-prd-sdc-fwp-001",
                                    "protocol": "Tcp",
                                    "sourcePortRange": "*",
                                    "destinationPortRange": "",
                                    "sourceAddressPrefix": "",
                                    "destinationAddressPrefix": "VirtualNetwork",
                                    "access": "Allow",
                                    "priority": 200,
                                    "direction": "Inbound",
                                    "sourcePortRanges": [],
                                    "destinationPortRanges": [
                                        "22",
                                        "3389"
                                    ],
                                    "sourceAddressPrefixes": [
                                        "10.20.0.192/26",
                                        "10.30.0.192/26"
                                    ],
                                    "destinationAddressPrefixes": []
                                }
                            },
                            {
                                "name": "DenyAllInboundCommunication",
                                "properties": {
                                    "description": "Deny All Inbound Communication",
                                    "protocol": "*",
                                    "sourcePortRange": "*",
                                    "destinationPortRange": "*",
                                    "sourceAddressPrefix": "*",
                                    "destinationAddressPrefix": "*",
                                    "access": "Deny",
                                    "priority": 4096,
                                    "direction": "Inbound",
                                    "sourcePortRanges": [],
                                    "destinationPortRanges": [],
                                    "sourceAddressPrefixes": [],
                                    "destinationAddressPrefixes": []
                                }
                            }
                        ]
                    },
                    {
                        "location": "australiasoutheast",
                        "serviceAbbrv": "fwp",
                        "component": "netw",
                        "instance": 1,
                        "nsgName": "nsg-prd-sdc-fwp-002",
                        "securityRules": [
                            {
                                "name": "Allow-RDP-SSH-From-sub-prd-mgmt-002-To-sub-prd-sdc-fwp-002",
                                "properties": {
                                    "description": "Allow RDP and SSH From EDC or SDC mgmt-002 subnet To sub-prd-sdc-fwp-002",
                                    "protocol": "Tcp",
                                    "sourcePortRange": "*",
                                    "destinationPortRange": "",
                                    "sourceAddressPrefix": "",
                                    "destinationAddressPrefix": "VirtualNetwork",
                                    "access": "Allow",
                                    "priority": 200,
                                    "direction": "Inbound",
                                    "sourcePortRanges": [],
                                    "destinationPortRanges": [
                                        "22",
                                        "3389"
                                    ],
                                    "sourceAddressPrefixes": [
                                        "10.20.0.192/26",
                                        "10.30.0.192/26"
                                    ],
                                    "destinationAddressPrefixes": []
                                }
                            },
                            {
                                "name": "DenyAllInboundCommunication",
                                "properties": {
                                    "description": "Deny All Inbound Communication",
                                    "protocol": "*",
                                    "sourcePortRange": "*",
                                    "destinationPortRange": "*",
                                    "sourceAddressPrefix": "*",
                                    "destinationAddressPrefix": "*",
                                    "access": "Deny",
                                    "priority": 4096,
                                    "direction": "Inbound",
                                    "sourcePortRanges": [],
                                    "destinationPortRanges": [],
                                    "sourceAddressPrefixes": [],
                                    "destinationAddressPrefixes": []
                                }
                            }
                        ]
                    }
                ]
            }
        }
    }
}