{
    "$schema": "https://schema.management.azure.com/schemas/2019-04-01/deploymentParameters.json#",
    "contentVersion": "1.0.0.0",
    "parameters":  {
        "kv_location": {
            "value": "australiaeast"
        },
        "kv_component": {
            "value": "kv"
        },
        "kv_rginstance": {
            "value": 1
        },
        "kv_instance": {
            "value": 1
        },
        "kv_serviceAbbrv": {
            "value": "iden"
        },
        "kv_service": {
            "value": "identity"
        },
        "vmObject": {
            "value": {
                "vmValues": [
                    {
                        "vmRgInstance": "1",
                        "vmRgComponent": "comp",
                        "vmRgServiceAbbrv": "iden",
                        "vmRgLocation": "australiaeast",
                        "vmInstancePrefix": "00",
                        "vmService": "QM",
                        "vmInstance": "2",
                        "adminUsername": "AdministratorCFS",
                        "osDiskType": "Premium_LRS",
                        "osDiskSize": 128,
                        "imageReferencePublisher" :"MicrosoftSQLServer",
                        "imageReferenceOffer": "sql2019-ws2019",
                        "imageSKU": "enterprise-gen2",
                        "imageReferenceVersion": "latest",
                        "vmSize": "Standard_D16s_v3",
                        "vnetInstance": "1",
                        "vnetRgServiceAbbrv": "identity",
                        "vnetRgComponent": "netw",
                        "snetServiceAbbrv": "identity",
                        "snetInstance": "1",
                        "storageAccInstance": "1",
                        "timeZone": "E. Australia Standard Time",
                        "appName": "DryvIQ",
                        "dataPath": "F:\\SQLData",
                   	    "logPath": "G:\\SQLLog",
                   	    "tempDbPath": "D:\\SQLTemp",
                    	"sqlVirtualMachineName": "VMPRDEDCQM002",
                   	    "sqlDataDisksCount": 1,
                    	"sqlLogDisksCount": 1
                    }
                ]
            }
        }
    }
}