{
    "$schema": "https://schema.management.azure.com/schemas/2019-04-01/deploymentParameters.json#",
    "contentVersion": "1.0.0.0",
    "parameters":  {
        "privateDnsZoneObject": {
            "value": {
                "privateDnsZone":[
                    {
                        "location": "australiaeast",
                        "rgComponent": "netw",
                        "rgServiceAbbrv": "hub",
                        "rgInstance" : "1",
                        "privateDnsZoneName": "privatelink.database.windows.net",
                        "appName": "Network",
                        "virtualNetworkLinks": [
                            {
                                "linkName": "link_to_edc_dns_servers",
                                "vnetResourceGroup": "rg-prd-edc-iden-netw-001",
                                "vnetName": "vnet-prd-edc-identity-001",
                                "isRegistrationEnabled": false
                            },
                            {
                                "linkName": "link_to_sdc_dns_servers",
                                "vnetResourceGroup": "rg-prd-sdc-iden-netw-001",
                                "vnetName": "vnet-prd-sdc-identity-001",
                                "isRegistrationEnabled": false
                            }
                        ]
                    }
                ]
            }
        }
    }
}
