{
    "actionGroupName": "AzureMonitor",
    "metricAlerts":[
        {
            "name" : "Azure SQL Database Blocked By Firewall High",
            "severity": 2,
            "threshold": 20,
            "timeAggregation": "Average",
            "metricName": "Azure SQL Database Blocked By Firewall High",
            "operator": "GreaterThanOrEqual",
            "criterionType": "StaticThresholdCriterion",
            "dimensions":""
        },
        {
            "name" : "Azure SQL Database Connections Failed High",
            "severity": 2,
            "threshold": 20,
            "timeAggregation": "Average",
            "metricName": "Azure SQL Database Connections Failed High",
            "operator": "GreaterThanOrEqual",
            "criterionType": "StaticThresholdCriterion",
            "dimensions":""
        },
        {
            "name" : "Azure SQL Database DTU Usage High",
            "severity": 2,
            "threshold": 95,
            "timeAggregation": "Average",
            "metricName": "Azure SQL Database DTU Usage High",
            "operator": "GreaterThanOrEqual",
            "criterionType": "StaticThresholdCriterion",
            "dimensions":""
        },
        {
            "name" : "Azure SQL Database Workers Percentage High",
            "severity": 1,
            "threshold": 90,
            "timeAggregation": "Average",
            "metricName": "Azure SQL Database Workers Percentage High",
            "operator": "GreaterThanOrEqual",
            "criterionType": "StaticThresholdCriterion",
            "dimensions":""
        },
        {
            "name" : "Azure SQL Database CPU Percentage High",
            "severity": 1,
            "threshold": 90,
            "timeAggregation": "Average",
            "metricName": "Azure SQL Database CPU Percentage High",
            "operator": "GreaterThanOrEqual",
            "criterionType": "StaticThresholdCriterion",
            "dimensions":""
        } 
    ]
}