{
    "$schema": "https://schema.management.azure.com/schemas/2019-04-01/deploymentParameters.json#",
    "contentVersion": "1.0.0.0",
    "parameters":  {
        "resourceGroupObject": {
            "value": { 
                "resourceGroups":[
                    {
                        "location": "australiaeast",
                        "component": "sec",
                        "service": "security",
                        "serviceAbbrv": "sec",
                        "appName": "LogAnalyticsWorkspace",
                        "instance": 1
                    }
                ]
            }
        }
    }
}