{
    "$schema": "https://schema.management.azure.com/schemas/2019-04-01/deploymentParameters.json#",
    "contentVersion": "1.0.0.0",
    "parameters":  {
        "kv_location": {
            "value": "australiasoutheast"
        },
        "kv_component": {
            "value": "kv"
        },
        "kv_rginstance": {
            "value": 1
        },
        "kv_instance": {
            "value": 1
        },
        "kv_serviceAbbrv": {
            "value": "iden"
        },
        "kv_service": {
            "value": "identity"
        },
        "rgArray": {
            "value": [
                {
                    "vmResouceGroupLocation": "australiasoutheast",
                    "instance": "1",
                    "component": "comp",
                    "serviceAbbrv": "iden"
                }
            ]
        },
        "vmObject": {
            "value": {
                "vmValues": [
                    {
                        "vmRgInstance": "1",
                        "vmRgComponent": "comp",
                        "vmRgServiceAbbrv": "iden",
                        "vmRgLocation": "australiasoutheast",
                        "vmService": "DC",
                        "vmInstance": "1",
                        "adminUsername": "AdministratorCFS",
                        "osDiskType": "StandardSSD_LRS",
                        "osDiskSize": 128,
                        "imageReferencePublisher" :"MicrosoftWindowsServer",
                        "imageReferenceOffer": "WindowsServer",
                        "imageSKU": "2022-datacenter-g2",
                        "imageReferenceVersion": "latest",
                        "vmSize": "Standard_D4s_v3",
                        "vnetInstance": "1",
                        "vnetRgServiceAbbrv": "iden",
                        "vnetRgComponent": "netw",
                        "snetServiceAbbrv": "identity",
                        "snetInstance": "1",
                        "storageAccInstance": "3",
                        "timeZone": "UTC",
                        "availabilitySetName": "avail-np-sdc-dc",
                        "appName": "AAD",
                        "privateIPAllocationMethod": "Static",
                        "privateIPAddress": "10.60.2.4",
                        "isEnableAutoShutdown": false,
                        "autoShutdownTime": "",
                        "autoShutdownNotificationEmail": "",
                        "domainName":"dev.cfs.com.au",
                        "domainUserName":"ADM-AD-DOM-ADD@dev.cfs.com.au",
                        "isEnableDomainJoin": false,
                        "dataDiskType":"StandardSSD_LRS",
                        "OUPAth": "",
                        "dataDiskResources": {
                            "value": []
                        }


                    },
                    {
                        "vmRgInstance": "1",
                        "vmRgComponent": "comp",
                        "vmRgServiceAbbrv": "iden",
                        "vmRgLocation": "australiasoutheast",
                        "vmService": "DC",
                        "vmInstance": "2",
                        "adminUsername": "AdministratorCFS",
                        "osDiskType": "StandardSSD_LRS",
                        "osDiskSize": 128,
                        "imageReferencePublisher" :"MicrosoftWindowsServer",
                        "imageReferenceOffer": "WindowsServer",
                        "imageSKU": "2022-datacenter-g2",
                        "imageReferenceVersion": "latest",
                        "vmSize": "Standard_D4s_v3",
                        "vnetInstance": "1",
                        "vnetRgServiceAbbrv": "iden",
                        "vnetRgComponent": "netw",
                        "snetServiceAbbrv": "identity",
                        "snetInstance": "1",
                        "storageAccInstance": "3",
                        "timeZone": "UTC",
                        "availabilitySetName": "avail-np-sdc-dc",
                        "appName": "AAD",
                        "privateIPAllocationMethod": "Static",
                        "privateIPAddress": "10.60.2.5",
                        "isEnableAutoShutdown": false,
                        "autoShutdownTime": "",
                        "autoShutdownNotificationEmail": "",
                        "domainName":"dev.cfs.com.au",
                        "domainUserName":"ADM-AD-DOM-ADD@dev.cfs.com.au",
                        "isEnableDomainJoin": false,
                        "dataDiskType":"StandardSSD_LRS",
                        "OUPAth": "",
                        "dataDiskResources": {
                            "value": []
                        }
                    }
                ]
            }
        }
    }
}