{
    "$schema": "https://schema.management.azure.com/schemas/2019-04-01/deploymentParameters.json#",
    "contentVersion": "1.0.0.0",
    "parameters":  {
        "rgArray": {
            "value": [
                {
                    "vmResouceGroupLocation": "australiasoutheast",
                    "instance": "1",
                    "component": "comp",
                    "serviceAbbrv": "iden"
                }
            ]
        },
        "vmArray":  {
            "value":  [
                {
                    "instance": "1",
                    "component": "comp",
                    "serviceAbbrv": "iden",
                    "vmResouceGroupLocation": "australiasoutheast",
                    "vm_instance": "1",
                    "vmService": "VA",
                    "osDiskType": "StandardSSD_LRS",
                    "managedDiskID": "/subscriptions/fb2f0e33-580d-4cc8-ada3-9c1ec175ead1/resourceGroups/rg-np-sdc-iden-comp-001/providers/Microsoft.Compute/disks/VMNPSDCVA001-sailpoint-va",
                    "osDiskSize": 160,
                    "vmSize": "Standard_D4s_v3",
                    "vnet_instance": "1",
                    "vnet_component": "netw",
                    "vnet_serviceAbbrv": "iden",
                    "sn_serviceAbbrv": "identity",
                    "stor_instance": "1",
                    "appName": "Sailpoint"
                },
                {
                    "instance": "1",
                    "component": "comp",
                    "serviceAbbrv": "iden",
                    "vmResouceGroupLocation": "australiasoutheast",
                    "vm_instance": "2",
                    "vmService": "VA",
                    "osDiskType": "StandardSSD_LRS",
                    "managedDiskID": "/subscriptions/fb2f0e33-580d-4cc8-ada3-9c1ec175ead1/resourceGroups/rg-np-sdc-iden-comp-001/providers/Microsoft.Compute/disks/VMNPSDCVA002-sailpoint-va",
                    "osDiskSize": 160,
                    "vmSize": "Standard_D4s_v3",
                    "vnet_instance": "1",
                    "vnet_component": "netw",
                    "vnet_serviceAbbrv": "iden",
                    "sn_serviceAbbrv": "identity",
                    "stor_instance": "1",
                    "appName": "Sailpoint"
                }
            ]
        }
    }
}