{
    "$schema": "https://schema.management.azure.com/schemas/2019-04-01/deploymentParameters.json#",
    "contentVersion": "1.0.0.0",
    "parameters":  {
        "resourceGroupObject": {
            "value": { 
                "resourceGroups": [
                    {
                        "location": "australiasoutheast",
                        "component": "stor",
                        "service": "operations",
                        "serviceAbbrv": "oper",
                        "appName": "Operations",
                        "instance": 2,
                        "storageAccount": [
                            {
                                "storageAccountName": "stoprdsdcoper003",
                                "performance": "Standard_LRS",
                                "kind": "StorageV2",
                                "publicNetworkAccess": "Enabled",
                                "defaultAction" : "Allow",
                                "allowBlobPublicAccess": true,
                                "virtualNetworkRules": [],
                                "minimumTlsVersion": "TLS1_2"
                            }
                        ]
                    },
                    {
                        "location": "australiaeast",
                        "component": "stor",
                        "service": "operations",
                        "serviceAbbrv": "oper",
                        "appName": "Operations",
                        "instance": 2,
                        "storageAccount": [
                            {
                                "storageAccountName": "stoprdedcoper003",
                                "performance": "Standard_LRS",
                                "kind": "StorageV2",
                                "publicNetworkAccess": "Enabled",
                                "defaultAction" : "Allow",
                                "allowBlobPublicAccess": true,
                                "virtualNetworkRules": [],
                                "minimumTlsVersion": "TLS1_2"
                            }
                        ]
                    },
                    {
                        "location": "australiaeast",
                        "component": "stor",
                        "service": "operations",
                        "serviceAbbrv": "oper",
                        "appName": "AVDFSLOGIX",
                        "instance": 1,
                        "storageAccount": [
                            {
                                "storageAccountName": "vmprdedcfs001",
                                "performance": "Premium_LRS",
                                "kind": "FileStorage",
                                "publicNetworkAccess": "Enabled",
                                "defaultAction" : "Allow",
                                "allowBlobPublicAccess": true,
                                "virtualNetworkRules": [],
                                "minimumTlsVersion": "TLS1_2"
                            },
                            {
                                "storageAccountName": "stoprdedcoper001",
                                "performance": "Standard_ZRS",
                                "kind": "StorageV2",
                                "publicNetworkAccess": "Enabled",
                                "defaultAction" : "Allow",
                                "allowBlobPublicAccess": true,
                                "virtualNetworkRules": [],
                                "minimumTlsVersion": "TLS1_2"
                            }
                        ]
                    },
                    {
                        "location": "australiasoutheast",
                        "component": "stor",
                        "service": "operations",
                        "serviceAbbrv": "oper",
                        "appName": "AVDFSLOGIX",
                        "instance": 1,
                        "storageAccount": [
                            {
                                "storageAccountName": "vmprdsdcfs001",
                                "performance": "Premium_LRS",
                                "kind": "FileStorage",
                                "publicNetworkAccess": "Enabled",
                                "defaultAction" : "Allow",
                                "allowBlobPublicAccess": true,
                                "virtualNetworkRules": [],
                                "minimumTlsVersion": "TLS1_2"
                            }
                        ]
                    }
                ]
            }
        }
    }
}