{
    "$schema": "https://schema.management.azure.com/schemas/2019-04-01/deploymentParameters.json#",
    "contentVersion": "1.0.0.0",
    "parameters":  {
        "kv_location": {
            "value": "australiasoutheast"
        },
        "kv_component": {
            "value": "kv"
        },
        "kv_instance": {
            "value": 1
        },
        "kv_rginstance": {
            "value": 1
        },
        "kv_serviceAbbrv": {
            "value": "hub"
        },
        "kv_service": {
            "value": "connectivity"
        },
        "rgArray": {
            "value": [
                {
                    "vmResouceGroupLocation": "australiasoutheast",
                    "instance": "1",
                    "component": "comp",
                    "serviceAbbrv": "hub"
                }
            ]
        },
        "vmObject": {
            "value": {
                "vmValues": [
                    {
                        "vmRgInstance": "1",
                        "vmRgComponent": "comp",
                        "vmRgServiceAbbrv": "hub",
                        "vmRgLocation": "australiasoutheast",
                        "vmInstancePrefix": "00",
                        "vmService": "PAW",
                        "vmInstance": "0",
                        "adminUsername": "AdministratorCFS",
                        "osDiskType": "Premium_LRS",
                        "osDiskSize": 128,
                        "imageReferencePublisher" :"microsoftwindowsdesktop",
                        "imageReferenceOffer": "windows-11",
                        "imageSKU": "win11-21h2-ent",
                        "imageReferenceVersion": "latest",
                        "vmSize": "Standard_D2s_v3",
                        "vnetInstance": "1",
                        "vnetRgServiceAbbrv": "hub",
                        "vnetRgComponent": "netw",
                        "snetServiceAbbrv": "mgmt",
                        "snetInstance": "2",
                        "storageAccInstance": "1",
                        "timeZone": "E. Australia Standard Time",
                        "availabilitySetName": "",
                        "appName": "AW",
                        "privateIPAllocationMethod": "Dynamic",
                        "privateIPAddress": "",
                        "isEnableAutoShutdown": false,
                        "autoShutdownTime": "",
                        "autoShutdownNotificationEmail": "",
                        "dataDiskType":"Premium_LRS",
                        "domainName":"cfs.com.au",
                        "domainUserName":"ADM-AD-DOM-ADD@cfs.com.au",
                        "isEnableDomainJoin": false,
                        "OUPAth": "OU=T0-PAWS,OU=T0-Devices,OU=T0,OU=Admin,OU=CFS,DC=cfs,DC=com,DC=au",
                        "dataDiskResources": {
                            "value": []
                        }
                    },
                    {
                        "vmRgInstance": "1",
                        "vmRgComponent": "comp",
                        "vmRgServiceAbbrv": "hub",
                        "vmRgLocation": "australiasoutheast",
                        "vmInstancePrefix": "00",
                        "vmService": "PAW",
                        "vmInstance": "1",
                        "adminUsername": "AdministratorCFS",
                        "osDiskType": "Premium_LRS",
                        "osDiskSize": 128,
                        "imageReferencePublisher" :"microsoftwindowsdesktop",
                        "imageReferenceOffer": "windows-11",
                        "imageSKU": "win11-21h2-ent",
                        "imageReferenceVersion": "latest",
                        "vmSize": "Standard_D2s_v3",
                        "vnetInstance": "1",
                        "vnetRgServiceAbbrv": "hub",
                        "vnetRgComponent": "netw",
                        "snetServiceAbbrv": "mgmt",
                        "snetInstance": "2",
                        "storageAccInstance": "1",
                        "timeZone": "E. Australia Standard Time",
                        "availabilitySetName": "",
                        "appName": "AW",
                        "privateIPAllocationMethod": "Dynamic",
                        "privateIPAddress": "",
                        "isEnableAutoShutdown": false,
                        "autoShutdownTime": "",
                        "autoShutdownNotificationEmail": "",
                        "dataDiskType":"Premium_LRS",
                        "domainName":"cfs.com.au",
                        "domainUserName":"ADM-AD-DOM-ADD@cfs.com.au",
                        "isEnableDomainJoin": false,
                        "OUPAth": "OU=T0-PAWS,OU=T0-Devices,OU=T0,OU=Admin,OU=CFS,DC=cfs,DC=com,DC=au",
                        "dataDiskResources": {
                            "value": []
                        }
                    },
                    {
                        "vmRgInstance": "1",
                        "vmRgComponent": "comp",
                        "vmRgServiceAbbrv": "hub",
                        "vmRgLocation": "australiasoutheast",
                        "vmInstancePrefix": "00",
                        "vmService": "PAW",
                        "vmInstance": "2",
                        "adminUsername": "AdministratorCFS",
                        "osDiskType": "Premium_LRS",
                        "osDiskSize": 128,
                        "imageReferencePublisher" :"microsoftwindowsdesktop",
                        "imageReferenceOffer": "windows-11",
                        "imageSKU": "win11-21h2-ent",
                        "imageReferenceVersion": "latest",
                        "vmSize": "Standard_D2s_v3",
                        "vnetInstance": "1",
                        "vnetRgServiceAbbrv": "hub",
                        "vnetRgComponent": "netw",
                        "snetServiceAbbrv": "mgmt",
                        "snetInstance": "2",
                        "storageAccInstance": "1",
                        "timeZone": "E. Australia Standard Time",
                        "availabilitySetName": "",
                        "appName": "AW",
                        "privateIPAllocationMethod": "Dynamic",
                        "privateIPAddress": "",
                        "isEnableAutoShutdown": false,
                        "autoShutdownTime": "",
                        "autoShutdownNotificationEmail": "",
                        "dataDiskType":"Premium_LRS",
                        "domainName":"cfs.com.au",
                        "domainUserName":"ADM-AD-DOM-ADD@cfs.com.au",
                        "isEnableDomainJoin": false,
                        "OUPAth": "OU=T0-PAWS,OU=T0-Devices,OU=T0,OU=Admin,OU=CFS,DC=cfs,DC=com,DC=au",
                        "dataDiskResources": {
                            "value": []
                        }
                    }, 
                    {
                        "vmRgInstance": "1",
                        "vmRgComponent": "comp",
                        "vmRgServiceAbbrv": "hub",
                        "vmRgLocation": "australiasoutheast",
                        "vmInstancePrefix": "00",
                        "vmService": "PAW",
                        "vmInstance": "3",
                        "adminUsername": "AdministratorCFS",
                        "osDiskType": "Premium_LRS",
                        "osDiskSize": 128,
                        "imageReferencePublisher" :"microsoftwindowsdesktop",
                        "imageReferenceOffer": "windows-11",
                        "imageSKU": "win11-21h2-ent",
                        "imageReferenceVersion": "latest",
                        "vmSize": "Standard_D2s_v3",
                        "vnetInstance": "1",
                        "vnetRgServiceAbbrv": "hub",
                        "vnetRgComponent": "netw",
                        "snetServiceAbbrv": "mgmt",
                        "snetInstance": "2",
                        "storageAccInstance": "1",
                        "timeZone": "E. Australia Standard Time",
                        "availabilitySetName": "",
                        "appName": "AW",
                        "privateIPAllocationMethod": "Dynamic",
                        "privateIPAddress": "",
                        "isEnableAutoShutdown": false,
                        "autoShutdownTime": "",
                        "autoShutdownNotificationEmail": "",
                        "dataDiskType":"Premium_LRS",
                        "domainName":"cfs.com.au",
                        "domainUserName":"ADM-AD-DOM-ADD@cfs.com.au",
                        "isEnableDomainJoin": false,
                        "OUPAth": "OU=T0-PAWS,OU=T0-Devices,OU=T0,OU=Admin,OU=CFS,DC=cfs,DC=com,DC=au",
                        "dataDiskResources": {
                            "value": []
                        }
                    } 
                ]
            }
        }
    }
}