{
    "$schema": "https://schema.management.azure.com/schemas/2019-04-01/deploymentParameters.json#",
    "contentVersion": "1.0.0.0",
    "parameters":  {
        "virtualNetworkObject": {
            "value": { 
                "virtualNetwork":[
                    {
                        "location": "australiaeast",
                        "workspaceLocation": "australiaeast",
                        "component": "netw",
                        "service": "iden",
                        "serviceAbbrv": "iden",
                        "appName": "",
                        "instance": 1,
                        "StorageAccountInstance": 3,
                        "addressSpaces": [ 
                            "10.40.2.0/24" 
                        ],
                        "customDnsServers": [
                            "10.40.1.68"
                        ],
                        "ddosProtectionPlan": "", 
                        "ddosProtectionPlanRg": "",
                        "subnets":[
                          {
                              "name": "sub-np-edc-identity-001",
                              "location": "australiaeast",
                              "service": "identity",
                              "instance" : "1",
                              "addressPrefix": "10.40.2.0/25",
                              "networkSecurityGroup": "nsg-np-edc-identity-001",
                              "routeTable": "rt-np-edc-identity-001",
                              "routes": [],
                              "serviceEndpoints": [
                                {
                                    "service": "Microsoft.Storage",
                                    "locations": [
                                        "australiaeast",
                                        "australiasoutheast"
                                    ]
                                  }
                              ],
                              "delegations": [],
                              "securityRules": [],
                              "privateEndpointNetworkPolicies": "Enabled",
                              "privateLinkServiceNetworkPolicies": "Enabled"
                          },
                          {
                              "name": "sub-np-edc-identity-002",
                              "location": "australiaeast",
                              "service": "identity",
                              "instance" : "2",
                              "addressPrefix": "10.40.2.128/26",
                              "networkSecurityGroup": "nsg-np-edc-identity-002",
                              "routeTable": "rt-np-edc-identity-002",
                              "routes": [],
                              "serviceEndpoints": [
                                {
                                    "service": "Microsoft.Storage",
                                    "locations": [
                                        "australiaeast",
                                        "australiasoutheast"
                                    ]
                                  }
                              ],
                              "delegations": [],
                              "securityRules": [],
                              "privateEndpointNetworkPolicies": "Enabled",
                              "privateLinkServiceNetworkPolicies": "Enabled"
                          },
                          {	
                              "name": "sub-np-edc-identity-003",	
                              "location": "australiaeast",	
                              "service": "identity",	
                              "instance" : "3",	
                              "addressPrefix": "10.40.2.192/26",
                              "networkSecurityGroup": "nsg-np-edc-identity-003",	
                              "routeTable": "rt-np-edc-identity-003",	
                              "routes": [],	
                              "serviceEndpoints": [	
                               {	
                                   "service": "Microsoft.Storage",	
                                   "locations": [	
                                       "australiaeast",	
                                       "australiasoutheast"	
                                    ]	
                                  }	
                              ],	
                              "delegations": [],	
                              "securityRules": [],	
                              "privateEndpointNetworkPolicies": "Enabled",	
                              "privateLinkServiceNetworkPolicies": "Enabled"	
                          }	
                        ]
                    },
                    {
                        "location": "australiasoutheast",
                        "workspaceLocation": "australiaeast",
                        "component": "netw",
                        "service": "iden",
                        "serviceAbbrv": "iden",
                        "appName": "",
                        "instance": 1,
                        "StorageAccountInstance": 3,
                        "addressSpaces": [ 
                            "10.60.2.0/24" 
                        ],
                        "customDnsServers": [
                            "10.60.1.68"
                        ],
                        "ddosProtectionPlan": "", 
                        "ddosProtectionPlanRg": "",
                        "subnets":[
                          {
                              "name": "sub-np-sdc-identity-001",
                              "location": "australiasoutheast",
                              "service": "identity",
                              "instance" : "1",
                              "addressPrefix": "10.60.2.0/25",
                              "networkSecurityGroup": "nsg-np-sdc-identity-001",
                              "routeTable": "rt-np-sdc-identity-001",
                              "routes": [],
                              "serviceEndpoints": [
                                {
                                    "service": "Microsoft.Storage",
                                    "locations": [
                                        "australiaeast",
                                        "australiasoutheast"
                                    ]
                                  }
                              ],
                              "delegations": [],
                              "securityRules": [],
                              "privateEndpointNetworkPolicies": "Enabled",
                              "privateLinkServiceNetworkPolicies": "Enabled"
                          },
                          {
                              "name": "sub-np-sdc-identity-002",
                              "location": "australiasoutheast",
                              "service": "identity",
                              "instance" : "2",
                              "addressPrefix": "10.60.2.128/26",
                              "networkSecurityGroup": "nsg-np-sdc-identity-002",
                              "routeTable": "rt-np-sdc-identity-002",
                              "routes": [],
                              "serviceEndpoints": [
                                {
                                    "service": "Microsoft.Storage",
                                    "locations": [
                                        "australiaeast",
                                        "australiasoutheast"
                                    ]
                                  }
                              ],
                              "delegations": [],
                              "securityRules": [],
                              "privateEndpointNetworkPolicies": "Enabled",
                              "privateLinkServiceNetworkPolicies": "Enabled"
                          },
                          {	
                              "name": "sub-np-sdc-identity-003",	
                              "location": "australiasoutheast",	
                              "service": "identity",	
                              "instance" : "3",	
                              "addressPrefix": "10.60.2.192/26", 	
                              "networkSecurityGroup": "nsg-np-sdc-identity-003",	
                              "routeTable": "rt-np-sdc-identity-003",	
                              "routes": [],	
                              "serviceEndpoints": [	
                               {	
                                   "service": "Microsoft.Storage",	
                                   "locations": [	
                                      "australiaeast",	
                                      "australiasoutheast"	
                                   ]	
                                 }	
                            ],	
                            "delegations": [],	
                            "securityRules": [],	
                            "privateEndpointNetworkPolicies": "Enabled",	
                            "privateLinkServiceNetworkPolicies": "Enabled"	
                           }	
                        ]
                    }
                ]
            }
        }
    }
}