{
    "$schema": "https://schema.management.azure.com/schemas/2019-04-01/deploymentParameters.json#",
      "contentVersion": "1.0.0.0",
      "parameters": {
          "applicationGatewayName": {
              "value": "appgw-np-edc-bkof-001"
          },
          "location": {
            "value": "australiaeast"
          },
          "virtualNetworkName": {
            "value": "vnet-np-edc-bkof-001"
          },
          "subnetName": {
            "value": "sub-np-edc-appgw-001"
          },
          "frontEndPrivateIp": {
            "value": "10.43.2.4"
          },
          "backEndPrivateIp": {
            "value": "10.43.4.8"
          },
          "keyVaultName": {
            "value": "test-kv-cfs"
          },
          "apimHostName": {
            "value": "api.poc-dev.cfs.com.au"
          },
          "virtualNetworkResourceGroup": {
            "value": "rg-np-edc-bkof-netw-001"
          },
          "publicIp": {
            "value": "ase-test-cfs"
          },
          "certName": {
            "value": "api-cert"
          },
          "managedIdentityName": {
            "value": "managedIdentity1"
          },
          "managedIdentityResourceGroup": {
            "value": "rg-np-edc-bkof-comp-001"
          },
          "WAFPolicyName": {
            "value": "waf-np-edc-bkof-001"
          },
          "WAFPolicyResourceGroup": {
            "value": "rg-np-edc-bkof-appgw-001"
          }
      }
  }