{
    "$schema": "https://schema.management.azure.com/schemas/2019-04-01/deploymentParameters.json#",
    "contentVersion": "1.0.0.0",
    "parameters":  {
        "kv_location": {
            "value": "australiaeast"
        },
        "kv_component": {
            "value": "kv"
        },
        "kv_rginstance": {
            "value": 1
        },
        "kv_instance": {
            "value": 1
        },
        "kv_serviceAbbrv": {
            "value": "iden"
        },
        "kv_service": {
            "value": "identity"
        },
        "rgArray": {
            "value": [
                {
                    "vmResouceGroupLocation": "australiaeast",
                    "instance": "1",
                    "component": "comp",
                    "serviceAbbrv": "iden"
                }
            ]
        },
        "vmObject": {
            "value": {
                "vmValues": [
                    {
                        "vmRgInstance": "1",
                        "vmRgComponent": "comp",
                        "vmRgServiceAbbrv": "iden",
                        "vmRgLocation": "australiaeast",
                        "vmInstancePrefix": "00",
                        "vmService": "QM",
                        "vmInstance": "1",
                        "adminUsername": "AdministratorCFS",
                        "osDiskType": "Standard_LRS",
                        "osDiskSize": 128,
                        "imageReferencePublisher" :"MicrosoftWindowsServer",
                        "imageReferenceOffer": "WindowsServer",
                        "imageSKU": "2019-datacenter-gensecond",
                        "imageReferenceVersion": "latest",
                        "vmSize": "Standard_D4ds_v4",
                        "vnetInstance": "1",
                        "vnetRgServiceAbbrv": "identity",
                        "vnetRgComponent": "netw",
                        "snetServiceAbbrv": "identity",
                        "snetInstance": "1",
                        "storageAccInstance": "1",
                        "timeZone": "E. Australia Standard Time",
                        "availabilitySetName": "",
                        "appName": "Quest",
                        "privateIPAllocationMethod": "Dynamic",
                        "privateIPAddress": "",
                        "isEnableAutoShutdown": false,
                        "autoShutdownTime": "",
                        "autoShutdownNotificationEmail": "",
                        "dataDiskType":"",
                        "domainName":"cfs.com.au",
                        "domainUserName":"ADM-AD-DOM-ADD@cfs.com.au",
                        "isEnableDomainJoin": false,
                        "OUPAth": "",
                        "dataDiskResources": {
                            "value": []
                        }
                    } 
                ]
            }
        }
    }
}